Records,Time_No_Tests,Time_With_Tests
100,0.000513375,0.000484292
1000,0.004711083,0.005013292
2000,0.009796667,0.009898125
3000,0.013866916,0.015019041
4000,0.018985208,0.019685167
5000,0.023284709,0.025261125
6000,0.028243375,0.028716708
7000,0.032493167,0.035304334
8000,0.048718875,0.040499
9000,0.042023834,0.043217792
10000,0.04651425,0.048167791